round,position,case,median_ns,sample_count,within_run_cv_pct,elapsed_seconds,max_rss_kb,report,log
1,1,t9_1_1_primitiveSerialize,614.763613,200,3.604615,5.340065,86748,raw/run-01/t9_1_1_primitiveSerialize,logs/run-01-t9_1_1_primitiveSerialize.log
1,2,t9_1_2_primitiveDeserialize,693.892242,200,2.602251,4.748691,86396,raw/run-01/t9_1_2_primitiveDeserialize,logs/run-01-t9_1_2_primitiveDeserialize.log
1,3,t9_1_3_primitiveRoundTrip,1371.375075,200,1.628761,4.785047,86636,raw/run-01/t9_1_3_primitiveRoundTrip,logs/run-01-t9_1_3_primitiveRoundTrip.log
1,4,t9_2_1_shortStringSerialize,494.230833,200,3.128699,4.823559,86372,raw/run-01/t9_2_1_shortStringSerialize,logs/run-01-t9_2_1_shortStringSerialize.log
1,5,t9_2_2_longStringSerialize,2297.399515,200,25.610611,7.381263,86464,raw/run-01/t9_2_2_longStringSerialize,logs/run-01-t9_2_2_longStringSerialize.log
1,6,t9_2_3_escapeStringSerialize,678.147803,200,2.354962,4.783526,86396,raw/run-01/t9_2_3_escapeStringSerialize,logs/run-01-t9_2_3_escapeStringSerialize.log
1,7,t9_2_4_unicodeStringSerialize,532.599458,200,3.190372,4.783681,86572,raw/run-01/t9_2_4_unicodeStringSerialize,logs/run-01-t9_2_4_unicodeStringSerialize.log
1,8,t9_3_1_smallArraySerialize,480.244908,200,3.509206,4.783245,86156,raw/run-01/t9_3_1_smallArraySerialize,logs/run-01-t9_3_1_smallArraySerialize.log
1,9,t9_3_2_largeArraySerialize,4130.560863,200,1.108784,5.090106,86348,raw/run-01/t9_3_2_largeArraySerialize,logs/run-01-t9_3_2_largeArraySerialize.log
1,10,t9_3_3_largeArrayDeserialize,15217.331871,200,37.832718,6.461562,86640,raw/run-01/t9_3_3_largeArrayDeserialize,logs/run-01-t9_3_3_largeArrayDeserialize.log
1,11,t9_3_4_smallMapSerialize,701.959971,200,2.300720,4.806641,86184,raw/run-01/t9_3_4_smallMapSerialize,logs/run-01-t9_3_4_smallMapSerialize.log
1,12,t9_3_5_largeMapSerialize,3945.180111,200,0.829568,4.840345,86252,raw/run-01/t9_3_5_largeMapSerialize,logs/run-01-t9_3_5_largeMapSerialize.log
1,13,t9_3_6_largeMapDeserialize,10294.184655,200,1.048226,5.015601,86496,raw/run-01/t9_3_6_largeMapDeserialize,logs/run-01-t9_3_6_largeMapDeserialize.log
1,14,t9_3_7_nestedCollectionSerialize,1470.987274,200,1.417150,4.798250,86460,raw/run-01/t9_3_7_nestedCollectionSerialize,logs/run-01-t9_3_7_nestedCollectionSerialize.log
1,15,t9_3_8_nestedCollectionDeserialize,4481.263568,200,1.384283,4.735881,86340,raw/run-01/t9_3_8_nestedCollectionDeserialize,logs/run-01-t9_3_8_nestedCollectionDeserialize.log
1,16,t9_3_9_largeFloat64ArraySerialize,29998.379977,176,9.637842,4.617910,86216,raw/run-01/t9_3_9_largeFloat64ArraySerialize,logs/run-01-t9_3_9_largeFloat64ArraySerialize.log
1,17,t9_4_1_deepNestedSerialize,715.553274,200,2.772409,4.784247,86584,raw/run-01/t9_4_1_deepNestedSerialize,logs/run-01-t9_4_1_deepNestedSerialize.log
1,18,t9_4_2_deepNestedDeserialize,591.613455,200,87.169261,7.528469,86284,raw/run-01/t9_4_2_deepNestedDeserialize,logs/run-01-t9_4_2_deepNestedDeserialize.log
1,19,t9_4_3_wideSerialize,1469.577921,200,2.326646,5.155252,86756,raw/run-01/t9_4_3_wideSerialize,logs/run-01-t9_4_3_wideSerialize.log
1,20,t9_4_4_wideDeserialize,1923.315417,200,2.858684,5.201431,86168,raw/run-01/t9_4_4_wideDeserialize,logs/run-01-t9_4_4_wideDeserialize.log
1,21,t9_4_5_ultraWideSerialize,1227.974639,200,1.494890,4.797508,86688,raw/run-01/t9_4_5_ultraWideSerialize,logs/run-01-t9_4_5_ultraWideSerialize.log
1,22,t9_4_6_ultraWideDeserialize,1412.005435,200,1.889119,4.788705,86336,raw/run-01/t9_4_6_ultraWideDeserialize,logs/run-01-t9_4_6_ultraWideDeserialize.log
1,23,t9_5_1_optionSerialize,722.120173,200,2.277972,4.799969,86088,raw/run-01/t9_5_1_optionSerialize,logs/run-01-t9_5_1_optionSerialize.log
1,24,t9_5_2_optionDeserialize,831.181879,200,4.395141,4.730663,86396,raw/run-01/t9_5_2_optionDeserialize,logs/run-01-t9_5_2_optionDeserialize.log
1,25,t9_5_3_optionRoundTrip,2142.910026,200,1.753089,4.790290,86284,raw/run-01/t9_5_3_optionRoundTrip,logs/run-01-t9_5_3_optionRoundTrip.log
1,26,t9_5_4_emptyContainersSerialize,548.649280,200,3.241704,4.862570,86328,raw/run-01/t9_5_4_emptyContainersSerialize,logs/run-01-t9_5_4_emptyContainersSerialize.log
1,27,t9_5_5_emptyContainersDeserialize,751.216966,200,24.070788,7.160507,86696,raw/run-01/t9_5_5_emptyContainersDeserialize,logs/run-01-t9_5_5_emptyContainersDeserialize.log
1,28,t9_5_6_int64ExtremesSerialize,381.466006,200,5.256467,4.718480,86656,raw/run-01/t9_5_6_int64ExtremesSerialize,logs/run-01-t9_5_6_int64ExtremesSerialize.log
1,29,t9_5_7_int64ExtremesDeserialize,302.502975,200,3.929317,4.689890,86312,raw/run-01/t9_5_7_int64ExtremesDeserialize,logs/run-01-t9_5_7_int64ExtremesDeserialize.log
1,30,t9_5_8_unknownFieldDeserialize,1787.583489,200,27.189262,7.088049,86160,raw/run-01/t9_5_8_unknownFieldDeserialize,logs/run-01-t9_5_8_unknownFieldDeserialize.log
