scenario,operation,payload,input_kind,rounds,yjson_median_ns,stdx_json_median_ns,cjfast_json_median_ns,yjson_over_stdx_ratio,yjson_over_cjfast_ratio,yjson_faster_pairs_vs_stdx,yjson_faster_pairs_vs_cjfast,yjson_cv_percent,stdx_json_cv_percent,cjfast_json_cv_percent,yjson_p95_ns,stdx_json_p95_ns,cjfast_json_p95_ns,status
Pretty JSON,decode,Person,string,11,7296.000,98247.111,16619.821,0.071235,0.412072,11,11,5.298016,2.688906,6.497697,7561.303,104108.444,18778.192,noisy
Pretty JSON,encode,Person,string,11,8151.144,84224.000,11007.146,0.095029,0.737982,11,11,3.704417,1.490970,12.968686,8213.095,86699.095,13210.822,noisy
基础对象,decode,Address,bytes,11,1312.636,35286.891,1962.525,0.037569,0.668823,11,11,1.640320,1.339243,0.860267,1358.746,35408.794,1990.624,stable
基础对象,decode,Address,string,11,1240.635,35531.392,2034.732,0.034866,0.606949,11,11,9.017436,0.481152,4.727352,1273.323,35790.222,2209.097,noisy
基础对象,decode,Person,bytes,11,10386.284,87315.782,15448.672,0.115693,0.652935,11,11,11.818054,2.256571,5.066278,12333.058,91653.333,17309.592,noisy
基础对象,decode,Person,string,11,11001.794,86784.000,15631.547,0.127147,0.697912,11,10,27.169000,0.615668,4.034545,15757.581,87833.600,16725.706,noisy
基础对象,encode,Address,bytes,11,1825.579,56029.428,2454.468,0.032769,0.739093,11,11,5.893917,1.020002,17.461499,1983.755,56462.923,3606.729,noisy
基础对象,encode,Address,string,11,1522.827,56320.000,2442.481,0.026933,0.594841,11,11,5.913432,0.386355,9.727726,1624.300,56664.276,3024.782,noisy
基础对象,encode,Person,bytes,11,3791.543,76181.333,10459.083,0.049770,0.365761,11,11,1.288908,2.961610,7.986975,3873.501,80810.667,12139.011,noisy
基础对象,encode,Person,string,11,4194.490,76672.000,10238.107,0.054707,0.413705,11,11,3.229497,0.792577,6.879174,4355.568,77552.000,11764.581,noisy
大 Map,decode,"HashMap<String, Int64>[64]",string,11,200939.462,591360.000,231965.091,0.339914,0.869654,11,11,3.585122,1.718509,3.653946,213184.000,607153.951,249582.521,stable
大 Map,encode,"HashMap<String, Int64>[64]",string,11,120004.923,257996.800,131979.636,0.469256,0.916344,11,11,2.188764,1.768619,2.964583,125815.795,264699.733,138701.333,stable
大数组,decode,ArrayList<ProfileRecord>[64],string,11,42012.903,1004737.542,78225.778,0.041563,0.534787,11,11,6.860914,4.173992,0.354514,45757.714,1056614.463,78737.143,noisy
大数组,encode,ArrayList<ProfileRecord>[64],string,11,108492.800,438753.524,75719.585,0.250453,1.433358,11,0,1.340220,11.736693,1.269442,110366.222,563610.646,77925.624,noisy
字段顺序,decode,Person,string,11,6543.536,87778.909,16800.744,0.074037,0.388533,11,11,5.503340,2.694691,5.166707,7196.586,93458.708,18050.039,noisy
嵌套对象,decode,ProfileBundle,bytes,11,13548.645,93241.600,15722.764,0.142468,0.803534,11,11,5.494562,1.314666,5.429127,14043.370,95951.579,17507.699,noisy
嵌套对象,decode,ProfileBundle,string,11,13383.322,93440.000,16596.949,0.143316,0.815675,11,11,4.522498,0.573578,5.132880,13568.819,94154.667,17552.759,noisy
嵌套对象,encode,ProfileBundle,bytes,11,14498.133,77465.600,12683.813,0.187938,1.140147,11,0,2.506770,10.820738,4.185984,14689.548,93198.629,13327.608,noisy
嵌套对象,encode,ProfileBundle,string,11,14947.932,77568.000,12617.043,0.193113,1.174874,11,1,5.767253,0.634794,3.596000,15251.302,78323.200,13172.575,noisy
数值边界,decode,UInt64Envelope,bytes,11,11950.984,79814.095,12507.028,0.149384,0.955541,11,11,2.930979,2.449162,4.632380,12039.414,84761.600,13663.707,stable
数值边界,decode,UInt64Envelope,string,11,11872.715,83904.000,11789.424,0.142143,0.971430,11,7,1.860319,2.435592,12.881780,12143.072,84451.556,12664.038,noisy
数值边界,encode,UInt64Envelope,bytes,11,9819.733,75477.333,9477.271,0.130399,1.036135,11,1,0.861079,2.805058,2.187254,10007.086,79983.127,9937.947,stable
数值边界,encode,UInt64Envelope,string,11,10246.054,75605.333,9748.213,0.135457,1.029924,11,2,1.029953,1.017433,2.866093,10339.255,77011.627,10351.906,stable
时间/大数,decode,TemporalStats,bytes,11,7364.982,97664.000,33212.747,0.074935,0.219050,11,11,1.122045,1.710548,5.951533,7494.046,101001.552,36235.125,noisy
时间/大数,decode,TemporalStats,string,11,7213.196,97002.667,31611.210,0.074218,0.223827,11,11,2.749276,1.333564,6.116820,7360.949,97490.489,35703.030,noisy
时间/大数,encode,TemporalStats,bytes,11,20667.556,80839.111,21818.667,0.256070,0.946401,11,10,0.817746,0.885444,2.506975,20983.540,81829.333,22254.730,stable
时间/大数,encode,TemporalStats,string,11,21376.000,81272.471,21920.000,0.262275,0.978474,11,9,2.147271,1.336646,1.412570,21705.472,82969.600,22312.242,stable
未知字段,decode,Person,string,11,8811.176,105472.000,17192.633,0.083540,0.503675,11,11,5.680894,2.010602,7.217548,9360.281,110791.111,19547.860,noisy
流式 I/O,decode,Person,stream,11,15786.667,87239.111,16847.282,0.181198,0.922331,11,8,8.822328,1.629634,5.884995,16008.000,90496.000,17720.063,noisy
流式 I/O,encode,Person,stream,11,6144.578,77482.667,10774.159,0.079914,0.602669,11,11,8.594090,7.184768,9.783700,7414.608,91332.945,12734.347,noisy
深层嵌套,decode,"ArrayList<HashMap<String, ArrayList<ProfileRecord>>>",string,11,76243.556,606720.000,96768.000,0.124134,0.792243,11,11,2.158945,2.165552,1.753969,76832.000,633977.680,98044.444,stable
深层嵌套,encode,"ArrayList<HashMap<String, ArrayList<ProfileRecord>>>",string,11,98688.000,277433.983,74410.667,0.354234,1.337226,11,0,1.238495,7.024570,1.180254,100555.429,321828.304,76165.486,noisy
转义/Unicode,decode,String,bytes,11,2461.144,30176.000,1840.929,0.081516,1.336192,11,0,0.754988,2.410911,11.563884,2487.363,31166.596,2405.199,noisy
转义/Unicode,decode,String,string,11,2516.395,29952.000,2365.066,0.085403,1.070810,11,4,3.713366,2.165036,11.538186,2704.335,30496.533,3082.711,noisy
转义/Unicode,encode,String,bytes,11,1515.733,56246.857,2452.042,0.026884,0.615309,11,11,1.675416,5.791090,12.411885,1548.081,62025.600,3025.543,noisy
转义/Unicode,encode,String,string,11,1416.140,56480.000,3192.879,0.024928,0.490608,11,11,11.867426,6.951989,13.573273,1771.604,66383.208,3761.985,noisy
