round,case,mode,median_ns,report_sha256,report_path,log_path
1,writeNumericArray,pure,7251000.000000,8df1c5c4f14d9ed0d06dd5ca8dbbbb16cda14f66e524520869465dd5eb2763ec,raw/run-01/writeNumericArray-pure,logs/run-01-writeNumericArray-pure.log
1,writeNumericArray,native,7233232.000000,0a2bd66e19922ae63d74135b98dd14456bf2e24eb52e0e8afe486162d64b9cb8,raw/run-01/writeNumericArray-native,logs/run-01-writeNumericArray-native.log
1,writeNumericBytes,pure,2388399.033404,161ed5fb9c9c1a2c5334c0a34a8c421986a0d5f163d9b081824db6ed3fbe1109,raw/run-01/writeNumericBytes-pure,logs/run-01-writeNumericBytes-pure.log
1,writeNumericBytes,native,559224.289157,958b61a56fc524a405561776998a896c240a37e792d926431aa9833c92c79422,raw/run-01/writeNumericBytes-native,logs/run-01-writeNumericBytes-native.log
1,readNumericArray,pure,2759050.378378,509602c0955099c58aa14389423afa3590a1f2362221ae7b0671ffca6dccd9b9,raw/run-01/readNumericArray-pure,logs/run-01-readNumericArray-pure.log
1,readNumericArray,native,2702123.885714,2ac1f742d394bda841abbe040ccec0caaf9ca6ceb71cc0f84ed4232cbdc67f38,raw/run-01/readNumericArray-native,logs/run-01-readNumericArray-native.log
1,readNumericDocument,pure,2084226.566416,5cc21d0da1e4d43eded83da28e1d92c14ca5b1f4c0cbec71ac6642ec9e2a7552,raw/run-01/readNumericDocument-pure,logs/run-01-readNumericDocument-pure.log
1,readNumericDocument,native,1211236.309256,eea4a12b8955a3deea0680d49636079e4a6ca4fd049c6cad9f1e3e4cc1e279c2,raw/run-01/readNumericDocument-native,logs/run-01-readNumericDocument-native.log
1,writeEscapedStrings,pure,1656327.641791,dfeed78e1a9c759f17389e5587448360382d7045ac23eb9601767998775f84ef,raw/run-01/writeEscapedStrings-pure,logs/run-01-writeEscapedStrings-pure.log
1,writeEscapedStrings,native,1583603.740845,af623c9dbb7b0a082341a6b819c1073fddbac376e3630371d14e1e3aeead40e3,raw/run-01/writeEscapedStrings-native,logs/run-01-writeEscapedStrings-native.log
1,writeEscapedBytes,pure,1363968.000000,f11ce58260ed3b10fc096ef04530fceda819f1b0ad2b9af6867c1a7cb175cc94,raw/run-01/writeEscapedBytes-pure,logs/run-01-writeEscapedBytes-pure.log
1,writeEscapedBytes,native,1456756.195556,3b80e031abb246e5ca517c2be002ac6649e3abdf41f8e0153616e4cecb48e760,raw/run-01/writeEscapedBytes-native,logs/run-01-writeEscapedBytes-native.log
1,writePlainStrings,pure,1222565.859155,e3fcc659d15b34af655ed9880bf24c040185b53a216147f4f7c8a170b73aff9f,raw/run-01/writePlainStrings-pure,logs/run-01-writePlainStrings-pure.log
1,writePlainStrings,native,1243182.376812,d274a99c2f76f359eb87bc29e35a8d2a46ecfcdf0d534de26de5a76dca384da9,raw/run-01/writePlainStrings-native,logs/run-01-writePlainStrings-native.log
2,writeNumericArray,native,7586560.000000,4267ce7699cc12b2f98a0f0310aff8cf17368a68e30505885c2f50e7fecc210d,raw/run-02/writeNumericArray-native,logs/run-02-writeNumericArray-native.log
2,writeNumericArray,pure,7311056.000000,133d2bf2e9fe0459423a8881ba2245ada704579c95a1d271ac44dd3009859f72,raw/run-02/writeNumericArray-pure,logs/run-02-writeNumericArray-pure.log
2,writePlainStrings,native,1229967.515152,a78bf08233f0eb62d250ba4f05e24ea0042b6c9bca7b56ec74c0a3050c1df0a7,raw/run-02/writePlainStrings-native,logs/run-02-writePlainStrings-native.log
2,writePlainStrings,pure,1269440.000000,fecee3d62a6567f48a96769f417ba682222b399b510181837690568c7c977cf9,raw/run-02/writePlainStrings-pure,logs/run-02-writePlainStrings-pure.log
2,writeEscapedBytes,native,1328226.698795,dd1386be7612113d9b04fca691737e9cab620bdacbabf0a48d3a8d6a76430868,raw/run-02/writeEscapedBytes-native,logs/run-02-writeEscapedBytes-native.log
2,writeEscapedBytes,pure,1356032.000000,dcff6a62cfdc0428c9c9c5a0db9455a877a5fa12a06aae27443dad32abd24da5,raw/run-02/writeEscapedBytes-pure,logs/run-02-writeEscapedBytes-pure.log
2,writeEscapedStrings,native,1559084.793066,971d7d488adb1962dcaa23e29d9e86b962ef637b6bb0d3044d3b123f5e98b1d7,raw/run-02/writeEscapedStrings-native,logs/run-02-writeEscapedStrings-native.log
2,writeEscapedStrings,pure,1703260.000000,83f1d5f3ab3718f95cf51f8540371afb08082ef4a9f575acb73721706251e861,raw/run-02/writeEscapedStrings-pure,logs/run-02-writeEscapedStrings-pure.log
2,readNumericDocument,native,1228687.458462,a388693c39f91e00a78517db37902a5bb34a8cbf09262ee6685ae3d39bbbfc98,raw/run-02/readNumericDocument-native,logs/run-02-readNumericDocument-native.log
2,readNumericDocument,pure,2153409.729730,083c6f4dd6e029e1cc8747539273ddf77bce1013df2bf72df7cee133aece6529,raw/run-02/readNumericDocument-pure,logs/run-02-readNumericDocument-pure.log
2,readNumericArray,native,2702645.979798,ca7c532cde10a1cfd0e320e4723b0ef706e2042e0e212c47f653079f978d5b7a,raw/run-02/readNumericArray-native,logs/run-02-readNumericArray-native.log
2,readNumericArray,pure,2874781.389277,5c798a2c24c38a47491c0de2b54464ffd9d06d0f0b49ae6afdf0a93541358cc8,raw/run-02/readNumericArray-pure,logs/run-02-readNumericArray-pure.log
2,writeNumericBytes,native,540100.465116,02c63fde9d930e57ac982368e052be121e9b866e3c848eeec80c447fa3e78369,raw/run-02/writeNumericBytes-native,logs/run-02-writeNumericBytes-native.log
2,writeNumericBytes,pure,2353766.901961,6942ec1f31045bf7adb11979f1004a685aba204e8dad25f1b5d8064269398316,raw/run-02/writeNumericBytes-pure,logs/run-02-writeNumericBytes-pure.log
3,readNumericArray,pure,2843695.483871,f6304365f9318cd1ba20fec268ff5cb851c1775850e00e1c0494d885c212e618,raw/run-03/readNumericArray-pure,logs/run-03-readNumericArray-pure.log
3,readNumericArray,native,2647227.623932,63dd3487c2e969efb4535b0d09bb718b6fedd2abe73865f32f696c1df609e1b3,raw/run-03/readNumericArray-native,logs/run-03-readNumericArray-native.log
3,readNumericDocument,pure,2237465.098039,39b22841d0594069431ca0761ea4569ff0f87f56776574c920cff9809e6c03a9,raw/run-03/readNumericDocument-pure,logs/run-03-readNumericDocument-pure.log
3,readNumericDocument,native,1172048.000000,00d785eda6685d9a0ab44166915406da324dcfef24fb8cb5f95762e2677657e1,raw/run-03/readNumericDocument-native,logs/run-03-readNumericDocument-native.log
3,writeEscapedStrings,pure,1556224.000000,5df0a3ff18fabfc1121db84e0b26d8cfaccc83f3a80f0136542314eb7b9fb848,raw/run-03/writeEscapedStrings-pure,logs/run-03-writeEscapedStrings-pure.log
3,writeEscapedStrings,native,1672140.518681,6eb84c36e6c04acc55f34a9bb8b7618b03f778a2ab4e26bd895f5ea5ba075dec,raw/run-03/writeEscapedStrings-native,logs/run-03-writeEscapedStrings-native.log
3,writeEscapedBytes,pure,1451874.773333,1480ed54ec5e93a931482257d57ceea3100f54b116e9bf9bc8af0204b49d969b,raw/run-03/writeEscapedBytes-pure,logs/run-03-writeEscapedBytes-pure.log
3,writeEscapedBytes,native,1366144.000000,9ae45f3bd00a740a2fe586751763ec910b20da7d287611d2106b1d534146499a,raw/run-03/writeEscapedBytes-native,logs/run-03-writeEscapedBytes-native.log
3,writePlainStrings,pure,1289593.600000,4931ccc35ab0f2e4578cc4f4347e75c66a8df303681e57f8d2f41c82e6e6ac2c,raw/run-03/writePlainStrings-pure,logs/run-03-writePlainStrings-pure.log
3,writePlainStrings,native,1363744.820513,2493329206614ff79a65b01e48344f8ba97b799d2823d1639a665e46e1f687f8,raw/run-03/writePlainStrings-native,logs/run-03-writePlainStrings-native.log
3,writeNumericArray,pure,7023488.000000,e449e621f58ef6d198125b03a2a45400ef582bb03e6fdeb162ce5d78fb77b951,raw/run-03/writeNumericArray-pure,logs/run-03-writeNumericArray-pure.log
3,writeNumericArray,native,7349632.000000,5552060e20846361d95ae8f0a622f39672247461be0339deb266325555479c4a,raw/run-03/writeNumericArray-native,logs/run-03-writeNumericArray-native.log
3,writeNumericBytes,pure,2353387.463736,ad15fb630028c894792488bc8a0ab5c6650e2b9a80b77854b150b8e19addd4a9,raw/run-03/writeNumericBytes-pure,logs/run-03-writeNumericBytes-pure.log
3,writeNumericBytes,native,598138.899248,06d316d91671fcc5acfc5a76af30d4892bd25a23c814633426bea51d52ea73ce,raw/run-03/writeNumericBytes-native,logs/run-03-writeNumericBytes-native.log
4,readNumericArray,native,2708556.800000,fe2eab3634ee1da30f316746c307c4d0d9709ba706daed8ea7e18aa2ad798075,raw/run-04/readNumericArray-native,logs/run-04-readNumericArray-native.log
4,readNumericArray,pure,2586558.358974,a68a757fce09b99efecae2b999eb8a41e74e08ed2168c102dcb51e878b561a91,raw/run-04/readNumericArray-pure,logs/run-04-readNumericArray-pure.log
4,writeNumericBytes,native,554625.896296,a71139956f7f2d77537cf8ebcc2fa738a066c287ab9bb66fb06ba6c9f6792bf3,raw/run-04/writeNumericBytes-native,logs/run-04-writeNumericBytes-native.log
4,writeNumericBytes,pure,2327554.388674,580b5ef7eb767436b6e3e8ec141fd1be8bb3d81e3c62ff5cf96c70d641245fd0,raw/run-04/writeNumericBytes-pure,logs/run-04-writeNumericBytes-pure.log
4,writeNumericArray,native,7157335.111111,e1c3c76ec5e2150fe9d88fe3eee55a434f8f04a4414c1b357cbeb4be25101d3b,raw/run-04/writeNumericArray-native,logs/run-04-writeNumericArray-native.log
4,writeNumericArray,pure,7174893.511111,c40f47856ebf1cfb61418fab11afda97221401d8a8dffca81ca9693c807c2bcd,raw/run-04/writeNumericArray-pure,logs/run-04-writeNumericArray-pure.log
4,writePlainStrings,native,1292117.333333,207cfb60e9b463bca57f89f95a2db5683063a137dfa1eeaf4e805e3224e77970,raw/run-04/writePlainStrings-native,logs/run-04-writePlainStrings-native.log
4,writePlainStrings,pure,1246911.296703,77d5f449f69ec52e70de461696e788bfc2dd37977b470c0fde9481e3dc46c600,raw/run-04/writePlainStrings-pure,logs/run-04-writePlainStrings-pure.log
4,writeEscapedBytes,native,1374464.000000,8176c3d036e2f5c93c2d2f659d9a688ed6c3a438e756cfedcfa88f262a45995f,raw/run-04/writeEscapedBytes-native,logs/run-04-writeEscapedBytes-native.log
4,writeEscapedBytes,pure,1363328.000000,12b5a8af42ca6f73af263eaca24b2daaa522be67fa6c03cc5035f47fc6b4e40f,raw/run-04/writeEscapedBytes-pure,logs/run-04-writeEscapedBytes-pure.log
4,writeEscapedStrings,native,1554319.780822,cdf05e4baa125817f3fffd2401e53dc2e32f8485c49e2f2ae3b74a211f5a2f91,raw/run-04/writeEscapedStrings-native,logs/run-04-writeEscapedStrings-native.log
4,writeEscapedStrings,pure,1649328.038137,54bdf2e373860033316d502676f0563fd5631517d731b2601445280bf936867b,raw/run-04/writeEscapedStrings-pure,logs/run-04-writeEscapedStrings-pure.log
4,readNumericDocument,native,1283883.209697,1fe40fe779821702bee462a820461135606502c4e8753288ec3800c965da9556,raw/run-04/readNumericDocument-native,logs/run-04-readNumericDocument-native.log
4,readNumericDocument,pure,2141424.100629,5493ae4a69074606cdd7af7be53c4d545a94a15849388b2160b3a651390b7890,raw/run-04/readNumericDocument-pure,logs/run-04-readNumericDocument-pure.log
5,writeEscapedStrings,pure,1598842.880000,ddc445731892c4ea27389737c0190817267d253e3783e38e87c346e363e71240,raw/run-05/writeEscapedStrings-pure,logs/run-05-writeEscapedStrings-pure.log
5,writeEscapedStrings,native,1550110.647887,a922ea3f7f32ba3317ca3112eb8d759fcd28259ef8c5c996945ef0c7116491bf,raw/run-05/writeEscapedStrings-native,logs/run-05-writeEscapedStrings-native.log
5,writeEscapedBytes,pure,1387283.525424,d2c204fa0bbd0bc542eeacceb8c9423dae454c5b5f21d446a46fe598191c623f,raw/run-05/writeEscapedBytes-pure,logs/run-05-writeEscapedBytes-pure.log
5,writeEscapedBytes,native,1516638.524374,cdeb8afeda91f673e034f0d8cd2b2e29026c237473594336c1d36acbaa1c7cf6,raw/run-05/writeEscapedBytes-native,logs/run-05-writeEscapedBytes-native.log
5,writePlainStrings,pure,1242660.072727,dd08d0dd189e8f5766041d45e56415efa51a2b1b8e1288c8d6af91014c7e699e,raw/run-05/writePlainStrings-pure,logs/run-05-writePlainStrings-pure.log
5,writePlainStrings,native,1278144.000000,758c1eea2c561aeb445165084329b5fbf4b1993b1f687918fb86a6a14055e901,raw/run-05/writePlainStrings-native,logs/run-05-writePlainStrings-native.log
5,writeNumericArray,pure,6672586.105263,a8fb748cc0ffd6af98b4164e4147032615ada015d6d682e44b74694ae93f34fd,raw/run-05/writeNumericArray-pure,logs/run-05-writeNumericArray-pure.log
5,writeNumericArray,native,7026346.666667,efbff8123599716a2a4a64c9ef30f4d5799410304991429ff29fa72b507df462,raw/run-05/writeNumericArray-native,logs/run-05-writeNumericArray-native.log
5,writeNumericBytes,pure,2358129.047378,6a63ec35af8717c68f23125cbdc403703cc5f927c26f85cadb8a74f3ff89b6d2,raw/run-05/writeNumericBytes-pure,logs/run-05-writeNumericBytes-pure.log
5,writeNumericBytes,native,559537.230769,24d64fdb4dba1bcd03685dec731e61283f49bb8fa2c8f9467eb87c884fec62a6,raw/run-05/writeNumericBytes-native,logs/run-05-writeNumericBytes-native.log
5,readNumericArray,pure,2719872.000000,823d3f22c4af1067fb8a3b2195ceaaaddf5470b69654819e5e10e46964e69fcf,raw/run-05/readNumericArray-pure,logs/run-05-readNumericArray-pure.log
5,readNumericArray,native,2773688.565657,de581ae9572ee364e0aaae8fa9ec0bc50ebf9970a103e6edfa748102b8d965f5,raw/run-05/readNumericArray-native,logs/run-05-readNumericArray-native.log
5,readNumericDocument,pure,2215970.461538,fe634c065e02b8ad957a03c8ac3c88e51057dc2273a014f8e1573212c62a1a25,raw/run-05/readNumericDocument-pure,logs/run-05-readNumericDocument-pure.log
5,readNumericDocument,native,1191529.432753,aac097853986fff897ba62c178df740bb748e52c095a8c5686aa6007765d142d,raw/run-05/readNumericDocument-native,logs/run-05-readNumericDocument-native.log
6,writeEscapedStrings,native,1611749.052632,cd273cc9b7bebebc903f7cdce1c7d003a60fd0eaf650c9078b0ee53e71015a6e,raw/run-06/writeEscapedStrings-native,logs/run-06-writeEscapedStrings-native.log
6,writeEscapedStrings,pure,1524902.054054,17946e007ea484c693cb373573eda1668cb6418cdcab64ef26ba22cb61fea097,raw/run-06/writeEscapedStrings-pure,logs/run-06-writeEscapedStrings-pure.log
6,readNumericDocument,native,1145696.670058,059bc6136bc744028f6e14b1bbea266e3d600e68f9f2e3d3b0da7d01616943d1,raw/run-06/readNumericDocument-native,logs/run-06-readNumericDocument-native.log
6,readNumericDocument,pure,2072749.810526,181faed28ff649587c2e47a493f94c28d3c315142e381995c9bd028eb41b2f15,raw/run-06/readNumericDocument-pure,logs/run-06-readNumericDocument-pure.log
6,readNumericArray,native,2974856.205128,0be97a4725080f1668cd552a5cf6d769f74d890e4a3df4570238a8c7a1d08f6c,raw/run-06/readNumericArray-native,logs/run-06-readNumericArray-native.log
6,readNumericArray,pure,2731358.040816,b8dc0577b2c772e4628bc804b948d8a03419935de2a973307881b6ccb3b81e40,raw/run-06/readNumericArray-pure,logs/run-06-readNumericArray-pure.log
6,writeNumericBytes,native,611843.737226,4dcc446271842f983fa9a548c83c8df46e2ac72d6f1e01bd48f7fb4a6606e42d,raw/run-06/writeNumericBytes-native,logs/run-06-writeNumericBytes-native.log
6,writeNumericBytes,pure,2347893.850746,1dd166b53edc82dd9bdb91c0c0fe75a093d2ddee561589a0996452f4b4c41453,raw/run-06/writeNumericBytes-pure,logs/run-06-writeNumericBytes-pure.log
6,writeNumericArray,native,7152248.470588,30dc1e95d66f5a2b2059c856a6a4bf6c6e62e83fbda308417b1757453d1d0530,raw/run-06/writeNumericArray-native,logs/run-06-writeNumericArray-native.log
6,writeNumericArray,pure,6962663.822222,2241d3d8d48eb4ecc40573493a67ea0d4c42c655bbf60c4ae38b489970f0fd33,raw/run-06/writeNumericArray-pure,logs/run-06-writeNumericArray-pure.log
6,writePlainStrings,native,1348854.857143,99e0055c20abd6dfb78246e298bbc9b1a36d7c8ff19a63762599b099720699ac,raw/run-06/writePlainStrings-native,logs/run-06-writePlainStrings-native.log
6,writePlainStrings,pure,1360300.895522,f6b0bf468214de5054bf0f8303a24abd4ae26846bde8a676a90598595776cf81,raw/run-06/writePlainStrings-pure,logs/run-06-writePlainStrings-pure.log
6,writeEscapedBytes,native,1348219.936508,e29dc0adf4b7761683224020674216647d94f0197a7f428a9b3ffad2118820ce,raw/run-06/writeEscapedBytes-native,logs/run-06-writeEscapedBytes-native.log
6,writeEscapedBytes,pure,1331029.333333,48267a518f9414c0718aaa14c6b4be1d40624a949f5b5d185da10c3de481ee1e,raw/run-06/writeEscapedBytes-pure,logs/run-06-writeEscapedBytes-pure.log
7,writePlainStrings,pure,1288000.000000,768c15c8a0941afcc2f15a37acdc84c1fa98effa1e94cd0750fd897572ad46e6,raw/run-07/writePlainStrings-pure,logs/run-07-writePlainStrings-pure.log
7,writePlainStrings,native,1389897.142857,4d6912e901d2b3dd76ebbab287d4846c28c2981c43853f81d2678ecb731f9c2c,raw/run-07/writePlainStrings-native,logs/run-07-writePlainStrings-native.log
7,writeNumericArray,pure,7237025.600000,e6e4a5eedb92059218a52a513cb39e459fac930a8fb5c820bfd6cd72a984f556,raw/run-07/writeNumericArray-pure,logs/run-07-writeNumericArray-pure.log
7,writeNumericArray,native,7265444.571429,d1ccfbdcd50853b9b35a71ef020f21e9aeb43e6e4439b11a94f3db8a4ecd1208,raw/run-07/writeNumericArray-native,logs/run-07-writeNumericArray-native.log
7,writeNumericBytes,pure,2415488.537815,1e14255e84bd82ec9582658e64588cb596ec7d02fbf2b81b7d98dfea3de9a6bb,raw/run-07/writeNumericBytes-pure,logs/run-07-writeNumericBytes-pure.log
7,writeNumericBytes,native,582851.757689,d0301faa82db98f33ddc4e4f533df725b2ab3ea3f8034ec1e3a319403cbe7103,raw/run-07/writeNumericBytes-native,logs/run-07-writeNumericBytes-native.log
7,readNumericArray,pure,2662352.808081,489cef4c44c3fa8d89b3b33e759ce74a39130c3af87d03505be9695fa14bd991,raw/run-07/readNumericArray-pure,logs/run-07-readNumericArray-pure.log
7,readNumericArray,native,2752019.393939,83efce7afeffb62ceed34a63bfccbb9844f547fd05caf3bb57f7b84d9a20f7b4,raw/run-07/readNumericArray-native,logs/run-07-readNumericArray-native.log
7,readNumericDocument,pure,2171666.403019,b95d1a47f3fb9f8b1589113d6817d4e2065aa7715863e16c2638eecdd10a078b,raw/run-07/readNumericDocument-pure,logs/run-07-readNumericDocument-pure.log
7,readNumericDocument,native,1195815.747368,5d428fb2eac8882b4cbe92ac299a753fc1faf480fc62cad2ce3c74047ecc1d72,raw/run-07/readNumericDocument-native,logs/run-07-readNumericDocument-native.log
7,writeEscapedStrings,pure,1567744.000000,1fa658d16c92f51aba918d3ba02157645a3dfeef4bbd4954df4b835f92653d8f,raw/run-07/writeEscapedStrings-pure,logs/run-07-writeEscapedStrings-pure.log
7,writeEscapedStrings,native,1673964.606061,be6dee010860ba6766378ca1ce10b7a3fd8c537159af1a75d66f505c60bd10e7,raw/run-07/writeEscapedStrings-native,logs/run-07-writeEscapedStrings-native.log
7,writeEscapedBytes,pure,1364736.000000,6acccb4caa6273b69c629d626d6f0b5f4f039543c34ddc23c59dd4219ecae155,raw/run-07/writeEscapedBytes-pure,logs/run-07-writeEscapedBytes-pure.log
7,writeEscapedBytes,native,1363968.000000,5237667382b9eedf7d6586f3cd8f064125ae03089ae555432010276828ab5eec,raw/run-07/writeEscapedBytes-native,logs/run-07-writeEscapedBytes-native.log
8,writePlainStrings,native,1263782.603175,9d888473df6bc6cab3d6dbcaa62b9ee02ee576f78f0e98acdc7cbef9f45b1bb7,raw/run-08/writePlainStrings-native,logs/run-08-writePlainStrings-native.log
8,writePlainStrings,pure,1295500.190476,357b3fb7015d2ec7c6e5058157ccc7cd2113847faa4319a49344f244537c5ef5,raw/run-08/writePlainStrings-pure,logs/run-08-writePlainStrings-pure.log
8,writeEscapedBytes,native,1390859.130435,0464d57c48ebfe8924c1c8963997e96c3823956fda2521e44a40a34e950ffc42,raw/run-08/writeEscapedBytes-native,logs/run-08-writeEscapedBytes-native.log
8,writeEscapedBytes,pure,1367808.000000,f7fecfd4e1e48c89998a807774e2f7f4454bc5c061cbb4f91d7f0515e987cb6b,raw/run-08/writeEscapedBytes-pure,logs/run-08-writeEscapedBytes-pure.log
8,writeEscapedStrings,native,1644449.969231,d9de91e8170f722b6e5387bb05b9bd1d4e3033949226105c257ac14442f5ad29,raw/run-08/writeEscapedStrings-native,logs/run-08-writeEscapedStrings-native.log
8,writeEscapedStrings,pure,1606572.218182,17f381479e6a38366fda1407826ca0552ab8f91a0a13b234e5699fceb00e7e19,raw/run-08/writeEscapedStrings-pure,logs/run-08-writeEscapedStrings-pure.log
8,readNumericDocument,native,1279661.969892,61510ddeda83c8c1818512b503fadd579869b3eb3775e68f0b907709f155510a,raw/run-08/readNumericDocument-native,logs/run-08-readNumericDocument-native.log
8,readNumericDocument,pure,2094952.220610,f81c2eec627fee6841e6328cc26fbda0e343dbfa14925e954afa38da6b154137,raw/run-08/readNumericDocument-pure,logs/run-08-readNumericDocument-pure.log
8,readNumericArray,native,2546906.536585,d8b46065ec234f750960901da57911a2f7850f5c585ce552bb8ba34d61067f89,raw/run-08/readNumericArray-native,logs/run-08-readNumericArray-native.log
8,readNumericArray,pure,2754888.311688,4a14b43f625c42c4d3b56762a8d456a8a72226607e9bfd0dcd0f4cef1192d132,raw/run-08/readNumericArray-pure,logs/run-08-readNumericArray-pure.log
8,writeNumericBytes,native,551877.885057,ac6c2672726050e2f9b2a982bcbb994b8018b729b8f5e2e672660620558b5ba3,raw/run-08/writeNumericBytes-native,logs/run-08-writeNumericBytes-native.log
8,writeNumericBytes,pure,2329567.312543,b5b16b2bc6f4156298a9d51e8957bb4c8630cdba1c427e59210bc5e5fb1fe4f2,raw/run-08/writeNumericBytes-pure,logs/run-08-writeNumericBytes-pure.log
8,writeNumericArray,native,6843520.000000,5557a82a1dceefbbc194816e305e4255c20a060e1b4c3f2a171b696f37c9386d,raw/run-08/writeNumericArray-native,logs/run-08-writeNumericArray-native.log
8,writeNumericArray,pure,7279280.000000,82b5d310301f2c8b902a0792ae5ddc16a4830fab6435e54a0327471ead495bbf,raw/run-08/writeNumericArray-pure,logs/run-08-writeNumericArray-pure.log
9,writeNumericBytes,pure,2372713.797888,b306a87256bcdc869f516c16b16ff1d5cc953c14f2bedff95541c8a9bb750df4,raw/run-09/writeNumericBytes-pure,logs/run-09-writeNumericBytes-pure.log
9,writeNumericBytes,native,541031.401268,680705cb2c6eccdd2b45bbce08d8ae8c2ea7a70b9d6ee1d53cfb95f5dc16adc4,raw/run-09/writeNumericBytes-native,logs/run-09-writeNumericBytes-native.log
9,readNumericArray,pure,2710951.975976,d1921ec766327d156b5fba96620179c22d70da28957395ac13f5b2230f9b81c8,raw/run-09/readNumericArray-pure,logs/run-09-readNumericArray-pure.log
9,readNumericArray,native,2617698.909091,ce24ce47978eebf673683310887f025560983f08282eeef2a12b7e2abef68e0e,raw/run-09/readNumericArray-native,logs/run-09-readNumericArray-native.log
9,readNumericDocument,pure,2112143.323013,d3f7ae265a9babfc0825259f972882147cd1a72ad981327022f64786b044df01,raw/run-09/readNumericDocument-pure,logs/run-09-readNumericDocument-pure.log
9,readNumericDocument,native,1219332.754286,ea2de54df762b5ea464bb0eeaf0ec8ab995624a4aa66aa6f7f736ac1f761897f,raw/run-09/readNumericDocument-native,logs/run-09-readNumericDocument-native.log
9,writeEscapedStrings,pure,1616161.882353,a6f1107237ce0d8a1474678bfb4640c5964f8ed378b3ca54cdc1dddbdce08ba5,raw/run-09/writeEscapedStrings-pure,logs/run-09-writeEscapedStrings-pure.log
9,writeEscapedStrings,native,1666243.047619,1ffebe02ef6175ba8427c21a91fb56ea8b7f6211fa09f35a5d22dd6454e60f63,raw/run-09/writeEscapedStrings-native,logs/run-09-writeEscapedStrings-native.log
9,writeEscapedBytes,pure,1379328.000000,551db53b9a24190ab32cdc23aee69481c8d5c89520a6784ee3791baf93b0c77a,raw/run-09/writeEscapedBytes-pure,logs/run-09-writeEscapedBytes-pure.log
9,writeEscapedBytes,native,1364288.000000,85dcd2123c22e394c5c33977cd146a10000d229447aca7d2cd95bb6caca2e707,raw/run-09/writeEscapedBytes-native,logs/run-09-writeEscapedBytes-native.log
9,writePlainStrings,pure,1304525.714286,bec8e50fce3c776debae8660edb6b4badab55875ff277e2cad5d3dfd280f5986,raw/run-09/writePlainStrings-pure,logs/run-09-writePlainStrings-pure.log
9,writePlainStrings,native,1259648.000000,d49e92342b59797c1f5f3a87b6dfd4aa11ddc76ef54d02b371002125dbe6b573,raw/run-09/writePlainStrings-native,logs/run-09-writePlainStrings-native.log
9,writeNumericArray,pure,7184755.200000,acb6c37b23f1e2d5974633c8b042afef564cbe38b2b7bc2403f403d336c82fa6,raw/run-09/writeNumericArray-pure,logs/run-09-writeNumericArray-pure.log
9,writeNumericArray,native,7387616.000000,1a0a199b6fd0c71cc59c2a136856efd221fbfe83f8b99a4e5ef574aafe5900e9,raw/run-09/writeNumericArray-native,logs/run-09-writeNumericArray-native.log
10,writeNumericBytes,native,559331.200000,bb55674c1a091598a2ae3af5b4cc2bd0533433732d9ada5064477313902d9f20,raw/run-10/writeNumericBytes-native,logs/run-10-writeNumericBytes-native.log
10,writeNumericBytes,pure,2376893.490196,34b9d7fa9873dc7d37186bde34f1e772e70dbe95c2e32928c0180a23a22dc4ac,raw/run-10/writeNumericBytes-pure,logs/run-10-writeNumericBytes-pure.log
10,writeNumericArray,native,7257862.400000,a2ff1deb05cfc5ae25ddb272f9063ca869c2d1781b1cf2aae34085e47f3db534,raw/run-10/writeNumericArray-native,logs/run-10-writeNumericArray-native.log
10,writeNumericArray,pure,7023397.333333,2d19a87ba5b0465f072521df540383e16d7fec684876d1f897c7cab115ede5c9,raw/run-10/writeNumericArray-pure,logs/run-10-writeNumericArray-pure.log
10,writePlainStrings,native,1272704.000000,36818b1c1893a72c93ff5b70b581fb4b394bc0290572eb7d0ac8aa07028baaa1,raw/run-10/writePlainStrings-native,logs/run-10-writePlainStrings-native.log
10,writePlainStrings,pure,1298618.966292,e8989a22f056f5d0fb1202cce9b30de418126a301698075e45e18f5eb0ad8d69,raw/run-10/writePlainStrings-pure,logs/run-10-writePlainStrings-pure.log
10,writeEscapedBytes,native,1361792.000000,31d8483b87e6df8f131f2c6110e172715e724932d462918faa909acace9f9993,raw/run-10/writeEscapedBytes-native,logs/run-10-writeEscapedBytes-native.log
10,writeEscapedBytes,pure,1363328.000000,f14257d53118a3f965afe54971c434829f25c22e871ea82b4fa1918c9a42c90c,raw/run-10/writeEscapedBytes-pure,logs/run-10-writeEscapedBytes-pure.log
10,writeEscapedStrings,native,1652906.458055,d2b294af39644e8720c6a5ddb0929d3447c2d5298eae2a05748908df925fb8b2,raw/run-10/writeEscapedStrings-native,logs/run-10-writeEscapedStrings-native.log
10,writeEscapedStrings,pure,1690335.492063,41c4f1664aea7a4d87de2c74e50ce91e05a656f4d8eb4c9d6aa4d9a1d76c8c71,raw/run-10/writeEscapedStrings-pure,logs/run-10-writeEscapedStrings-pure.log
10,readNumericDocument,native,1130088.838095,a182a837b4fc32993fc755bc5f7ff21427c5d6115f3a3b28e75a6ea526cac7d3,raw/run-10/readNumericDocument-native,logs/run-10-readNumericDocument-native.log
10,readNumericDocument,pure,2148214.153846,ba4a84452ef3747c85080f72c872ba790ccf8d7a36c62af44c3dfac36014abd5,raw/run-10/readNumericDocument-pure,logs/run-10-readNumericDocument-pure.log
10,readNumericArray,native,2785467.733333,3adc68d63d5ece6c1b3608fe4ce6f6943c2194d79b3e94c9f692f93f9795bd0f,raw/run-10/readNumericArray-native,logs/run-10-readNumericArray-native.log
10,readNumericArray,pure,2746267.393939,c1bae978c0513a81c898edae58e54167e748eacac6c3b0b9a939553e840d3715,raw/run-10/readNumericArray-pure,logs/run-10-readNumericArray-pure.log
11,readNumericDocument,pure,2148717.714286,444cb41b30b57989dcdc56a97d290a1442913e05b5b17b9ce2b1bc2ab66c13d1,raw/run-11/readNumericDocument-pure,logs/run-11-readNumericDocument-pure.log
11,readNumericDocument,native,1227231.310276,41fde0990e1782f8cf85231ffb350df4e2f94ea5360a7d6dba28df04e3a813cd,raw/run-11/readNumericDocument-native,logs/run-11-readNumericDocument-native.log
11,writeEscapedStrings,pure,1619404.800000,48cdb364f9f8e909d0637c5d880371a792b98aa84e2fec5e59b169b7857e47cf,raw/run-11/writeEscapedStrings-pure,logs/run-11-writeEscapedStrings-pure.log
11,writeEscapedStrings,native,1572289.042534,1406bb4656220bfdfd4e9713f487e8ca5430b9c60b698d8c115d6f8a7c49e2bf,raw/run-11/writeEscapedStrings-native,logs/run-11-writeEscapedStrings-native.log
11,writeEscapedBytes,pure,1375744.000000,7dbe5d0c0e8d2c81af29ea4bc8fa6770d9bb99d37eb1ce6f09903285f051d9c8,raw/run-11/writeEscapedBytes-pure,logs/run-11-writeEscapedBytes-pure.log
11,writeEscapedBytes,native,1443937.739487,0e74bf837eb6ec88a985379f4bf1ce7db60c9f97bcf85a8422c87a36a057dde5,raw/run-11/writeEscapedBytes-native,logs/run-11-writeEscapedBytes-native.log
11,writePlainStrings,pure,1287936.000000,d6fda06979fb1289b6c17a243c22e4a5bf72829dee8a76c7b0e19ad28399f2bb,raw/run-11/writePlainStrings-pure,logs/run-11-writePlainStrings-pure.log
11,writePlainStrings,native,1327327.255814,a39d0c0093debdc092344e05b4d1cad63dd854f5fd7972d56b6e74f428f4de82,raw/run-11/writePlainStrings-native,logs/run-11-writePlainStrings-native.log
11,writeNumericArray,pure,7303320.000000,e837312f11f76c7d93ada3bea5f4a9c02b7d426ffbe57b0ae7b886bd2f1486d5,raw/run-11/writeNumericArray-pure,logs/run-11-writeNumericArray-pure.log
11,writeNumericArray,native,6974378.666667,5faaeadca9906c61c7dadf288af15171592f8d90e57e7ff67964f5073635917b,raw/run-11/writeNumericArray-native,logs/run-11-writeNumericArray-native.log
11,writeNumericBytes,pure,2346337.902703,e32f77ef378570bbab8729c479dd6a66da73bf282f48d00b9ee91807d5935201,raw/run-11/writeNumericBytes-pure,logs/run-11-writeNumericBytes-pure.log
11,writeNumericBytes,native,605941.218948,67d3cfdb85f0b7da4c4bd48773fd4d45ce7203fe57eaac321fca92986ba0bb6e,raw/run-11/writeNumericBytes-native,logs/run-11-writeNumericBytes-native.log
11,readNumericArray,pure,2833944.975610,398a06cf515ac8c2012727b4517cd8799617b40288959cac4dc06c0bdba4ec1b,raw/run-11/readNumericArray-pure,logs/run-11-readNumericArray-pure.log
11,readNumericArray,native,2675908.923077,8865ff0982c9dfd71b6a396a63d46a693dc9974337e6b38d12fb347b630872d8,raw/run-11/readNumericArray-native,logs/run-11-readNumericArray-native.log
